Entity,Year,5 or under,5 to 14,15 to 24,25 to 64,65 or over
World,1950,338496583,531111819,462383852,1075729380,128709384
World,1951,357888384,536637285,467508834,1090360655,131639069
World,1952,375317072,543435216,472601742,1105295083,134212577
World,1953,389208432,552639641,477846806,1121477035,136437147
World,1954,399285368,564888697,483054184,1139310831,138307674
World,1955,407177108,579445907,488007574,1158561156,139828170
World,1956,418562650,597258632,490714166,1173239551,142668255
World,1957,423912501,619590984,493974720,1190615924,145211929
World,1958,426333259,644724939,497617181,1209560199,147451102
World,1959,428963894,670192379,501809815,1229198172,149411887
World,1960,434008148,693630881,506969069,1249187619,151153998
World,1961,436632765,718180194,513370484,1268469677,155190393
World,1962,444348553,739528330,520255118,1287449585,158839175
World,1963,455725898,757577365,528783643,1306668885,162245155
World,1964,467953106,773085820,540623041,1326734322,165581983
World,1965,479303511,787074772,556604206,1347672756,168928265
World,1966,493730695,801432710,574296020,1364116543,174346663
World,1967,504077098,816382947,596323492,1382152731,179833836
World,1968,511351970,832117307,621049808,1401728060,185352291
World,1969,517485524,848612659,645903831,1422858594,190820357
World,1970,524080098,865062505,669319578,1445760209,196214652
World,1971,531491883,883013297,690640999,1467884093,202729758
World,1972,536683085,902457697,710828491,1492642064,209039251
World,1973,540359989,922398660,729763071,1520043040,215215759
World,1974,542805507,941513896,747729591,1550376534,221368650
World,1975,544509945,958605580,765045983,1583767230,227551736
World,1976,545831110,976103847,781062765,1616624929,235044176
World,1977,545472161,992159217,796282698,1653043368,242548475
World,1978,544569672,1006323982,811407134,1692375057,249857754
World,1979,544838047,1018171030,827403932,1733509721,256583455
World,1980,547597480,1027383952,844817999,1775672002,262532033
World,1981,550801985,1036803714,863281509,1817376124,268733287
World,1982,557682727,1043539195,882655107,1859566305,273943192
World,1983,567358877,1048190950,902508676,1902829701,278680983
World,1984,578440368,1051780587,922040413,1948103859,283646290
World,1985,590128339,1055226288,940597544,1995726730,289242765
World,1986,606209489,1060767138,956506512,2040680574,296404287
World,1987,619964614,1068509868,971892382,2088218713,303936421
World,1988,631113152,1078585568,986141303,2137794566,311791405
World,1989,639016669,1090883734,998599873,2189053626,319887532
World,1990,643553449,1104547080,1009042699,2241876929,328210884
World,1991,649506409,1120857370,1015426818,2291043586,337455200
World,1992,646075679,1140953306,1020821435,2344094211,346975262
World,1993,636748029,1163142626,1025547670,2399612160,356547113
World,1994,626729823,1184737333,1030261910,2455596323,365825039
World,1995,619842533,1203031497,1035737534,2510922575,374678791
World,1996,608067007,1220479501,1043456230,2567803895,385085298
World,1997,605138103,1232147202,1050752848,2622474740,394532754
World,1998,608453277,1237796821,1059113083,2675942596,403488298
World,1999,613054770,1238353202,1070410827,2729818018,412602216
World,2000,615665603,1235652905,1085431679,2784534520,422209099
World,2001,622643947,1231698910,1102328020,2833019603,432936051
World,2002,625335799,1226525960,1122964368,2882958202,443988843
World,2003,625057515,1221244140,1145254315,2934603660,455025511
World,2004,624922571,1217002298,1165850161,2987983173,465401188
World,2005,627238009,1213815364,1182711474,3043270549,474871560
World,2006,631515210,1212393926,1195876676,3098263057,485469048
World,2007,636307578,1213432466,1205496289,3155444947,495265363
World,2008,641725809,1216357699,1211630735,3214499696,504874733
World,2009,647050718,1220279832,1214844667,3275429519,515162252
World,2010,652014313,1224526945,1215716886,3337877409,526688035
World,2011,658172453,1229694627,1214699568,3398127991,540499529
World,2012,662567315,1236207564,1211182835,3460738024,555132219
World,2013,665655014,1243818256,1206337039,3523839991,570931741
World,2014,668172523,1252146241,1201936334,3584722088,588313573
World,2015,670673694,1260652054,1199206623,3641716971,607547625
World,2016,672883378,1270085714,1198460382,3692884219,629708241
World,2017,674734222,1279720725,1199424427,3740589020,653390506
World,2018,676275956,1289142086,1201897160,3785709418,678066493
World,2019,677366407,1297906548,1205381570,3829878667,702935013
World,2020,677941790,1305706836,1209583658,3873960100,727606345
